{"mobiles":[{"id":1001,"name":"Samsung Mobile","price":30000,"url":"http://c2c.sulekhalive.com/lcproducts/mobiles/images/samsung/album/large/samsung-z3(2).jpg"},{"id":1002,"name":"Apple Mobile","price":40000,"url":"https://4.imimg.com/data4/LY/WP/GLADMIN-8934545/apple-mobiles-500x500.jpg"},{"id":1003,"name":"Lg Mobile","price":20000,"url":"http://www.lg.com/uk/images/mobile-phones/MD05609550/stylus-350.jpg"},{"id":1004,"name":"MI Mobile","price":10000,"url":"https://www.91-img.com/pictures/xiaomi-mi-5s-mobile-phone-large-1.jpg"}]}